Actual Spread,Estimated Spread
9,13
205,152
20,15
5,37
192,114
15,43
175,130
9,7
42,1
358,204
51,50
12,1
200,130
103,69
13,5
109,81
129,111
123,78
20,13
2,3
123,111
10,15
106,71
90,95
16,20
51,15
18,49
87,59
190,120
8,11
12,5
17,19
9,30
120,81
101,74
126,73
346,186
129,88
374,205
16,5
302,172
362,198
56,83
22,51
266,162
211,156
26,28
129,93
48,33
46,26
6,11
4,5
21,15
103,88
138,95
289,164
20,7
358,198
12,34
218,125
309,186
5,7
12,5
31,30
72,59
218,136
4,5
40,57
272,162
200,126
5,15
13,1
25,39
6,5
22,15
110,88
14,24
8,33
4,36
81,78
228,159
7,13
2,22
144,125
68,5
3,13
312,197
55,46
52,57
2,13
4,11
2,3
270,156
102,78
46,50
122,59
30,33
113,41
14,9
197,111
212,145
66,57
202,119
16,7
44,52
104,83
305,186
393,233
2,7
48,55
5,22
13,9
31,9
6,7
32,24
86,64
128,116
54,53
356,194
23,22
2,3
95,95
38,44
13,9
39,39
20,15
21,24
5,9
11,5
83,9
33,41
10,28
3,7
64,46
212,125
4,22
11,30
212,139
209,117
12,1
6,1
392,224
156,137
7,7
14,11
177,114
9,15
143,93
7,13
9,26
5,22
19,7
32,9
14,24
3,38
12,32
296,151
50,33
2,17
18,5
39,1
84,69
10,3
203,112
18,30
2,3
7,1
57,35
453,238
462,228
39,7
2,11
11,26
45,44
421,231
40,28
4,1
8,53
93,76
370,224
2,32
5,5
47,32
31,5
238,166
12,11
70,30
15,41
20,18
4,26
5,32
19,24
5,36
141,120
6,24
4,15
126,128
16,3
18,15
2,9
84,62
234,154
207,143
30,37
26,46
375,202
36,7
2,7
10,9
30,15
117,96
6,13
8,7
5,28
96,55
181,117
177,125
23,9
48,30
7,7
155,120
14,55
10,7
199,125
242,159
14,48
8,32
48,46
176,166
10,37
5,5
16,58
110,93
20,1
15,5
18,13
193,137
2,28
20,24
69,39
153,104
335,191
23,48
210,112
11,1
75,71
189,117
103,81
242,139
133,126
5,13
2,30
4,28
465,232
303,155
50,48
114,98
12,22
364,194
20,13
12,16
131,95
7,51
32,3
313,179
76,53
288,182
4,15
9,34
182,104
8,17
69,62
9,19
463,242
22,28
32,15
16,33
40,59
227,148
17,9
174,130
352,181
13,24
2,13
22,32
9,3
275,172
13,39
20,15
5,35
244,145
7,24
24,15
4,9
89,66
6,18
50,26
10,7
93,76
98,59
2,9
2,13
8,35
310,146
4,19
7,5
15,3
2,9
53,43
66,76
82,85
48,22
8,5
472,234
121,74
16,17
36,1
23,41
107,86
69,73
26,15
4,5
364,194
24,13
490,248
117,96
13,9
83,103
106,98
9,3
140,88
30,5
124,119
2,26
6,5
66,22
25,20
7,13
10,18
20,13
88,78
2,24
2,28
202,139
3,19
4,43
52,33
11,9
2,18
175,98
45,35
21,18
38,48
24,52
24,9
2,5
5,9
29,57
165,122
237,131
9,5
41,44
29,30
17,33
11,9
107,90
7,15
70,88
8,11
6,18
10,51
112,96
228,151
8,11
15,18
50,37
2,41
115,66
28,5
5,33
2,13
2,24
8,26
7,3
127,98
6,9
464,220
65,33
12,7
41,61
14,36
6,18
16,11
4,3
285,165
461,224
46,71
20,24
2,1
4,1
39,39
97,71
9,38
13,13
28,41
22,11
2,11
270,159
131,81
37,30
9,20
11,9
20,24
2,19
20,22
45,35
2,19
11,20
22,15
180,133
4,24
57,22
144,117
151,85
39,50
240,156
32,18
8,7
2,1
20,5
327,187
48,28
10,16
14,11
104,112
25,37
212,137
15,30
124,104
390,214
6,30
354,185
35,44
132,64
18,15
62,30
8,1
4,11
16,20
2,5
134,73
105,68
34,9
10,18
35,22
67,50
32,20
4,18
4,49
20,35
195,136
2,1
413,241
4,1
12,1
20,13
20,17
8,32
8,32
4,3
82,30
147,109
2,11
24,7
145,64
101,81
12,22
4,32
13,22
31,22
8,3
9,3
13,19
8,15
100,52
176,151
27,62
174,151
4,36
6,24
59,53
14,13
123,103
9,22
17,11
96,50
11,15
21,5
12,32
22,11
488,249
55,3
3,1
14,16
193,136
67,37
10,36
26,30
148,103
23,44
126,86
24,30
407,218
4,24
73,74
20,11
268,143
42,20
111,86
19,18
8,1
30,37
22,13
70,101
2,5
20,16
18,9
22,22
54,16
390,226
2,11
9,9
2,7
8,19
4,16
18,3
73,78
6,33
20,7
2,3
6,16
130,106
9,22
2,11
19,9
12,11
337,187
13,68
78,66
14,22
37,22
2,5
4,41
36,20
82,50
10,11
56,5
6,5
17,30
13,22
15,9
13,1
5,7
20,11
92,66
4,32
16,26
169,90
36,59
14,13
4,18
7,7
55,33
14,41
3,9
154,85
10,5
232,152
6,7
157,86
79,35
6,39
2,13
2,24
223,152
3,1
20,7
21,3
5,15
332,186
8,9
14,28
15,11
164,123
54,13
303,179
12,11
17,24
283,178
20,13
2,32
7,33
20,15
4,5
81,68
4,9
144,130
6,13
4,22
4,50
115,71
22,46
30,20
21,15
197,158
3,16
16,9
37,30
8,1
122,81
2,3
5,20
172,130
108,98
24,15
3,15
419,233
10,13
256,164
2,26
45,41
4,41
2,24
4,13
112,81
4,3
14,20
256,171
87,83
10,20
5,13
4,1
110,119
255,151
116,95
432,224
33,59
4,32
2,45
20,24
45,55
22,19
4,7
8,11
27,11
10,11
177,112
15,3
34,15
376,205
6,38
20,55
8,41
23,32
179,114
25,13
215,140
9,15
68,43
12,7
27,28
12,9
4,3
30,1
49,53
11,24
4,3
20,28
48,48
8,18
23,55
23,7
6,9
43,26
4,15
261,154
45,53
227,164
28,66
15,9
2,7
120,85
39,28
6,46
2,20
150,116
29,59
6,7
107,71
8,22
17,26
25,28
2,22
4,9
16,5
257,142
21,26
11,18
175,120
108,101
286,164
2,26
2,36
14,7
2,7
12,17
20,35
108,76
24,3
4,24
12,37
32,7
151,109
61,33
19,41
23,68
42,20
2,9
348,185
2,36
17,13
105,109
17,65
197,134
7,43
18,20
66,71
45,50
9,34
19,11
4,26
90,66
22,37
16,5
4,32
12,1
11,41
11,18
23,15
2,17
218,143
5,1
11,20
25,11
5,26
13,7
160,101
20,11
111,66
20,41
16,7
6,1
5,17
4,7
9,32
2,5
12,22
18,15
8,9
20,24
24,15
4,24
2,7
445,228
33,43
17,5
8,24
7,43
204,148
20,15
116,90
262,171
323,186
27,15
5,15
4,28
39,43
17,28
2,36
9,26
10,13
132,86
128,90
2,49
9,24
238,145
6,1
8,3
129,112
222,137
12,15
8,7
5,11
21,5
123,104
10,3
128,130
228,137
27,41
7,1
8,1
7,24
4,3
113,81
2,17
61,74
17,15
2,24
8,13
8,17
4,20
14,1
134,96
16,24
41,44
6,3
6,32
139,93
10,17
6,30
7,24
33,22
2,11
70,85
253,156
9,9
224,136
4,5
108,88
148,116
441,219
6,28
67,68
104,101
253,159
3,19
57,48
9,7
10,33
14,3
70,24
371,185
27,9
24,13
13,30
10,1
5,3
42,22
14,19
2,7
33,28
12,5
10,9
6,11
20,3
2,22
48,15
11,1
32,30
5,41
8,24
14,28
88,55
26,15
7,3
3,26
22,26
292,175
33,62
2,13
310,175
4,15
17,18
16,15
27,16
177,119
36,22
129,69
14,26
54,53
13,20
15,59
63,83
2,17
4,32
3,1
69,44
27,32
2,1
452,228
12,37
6,1
20,9
319,196
10,26
4,3
9,7
237,112
2,16
219,117
6,11
314,161
32,22
6,3
9,36
45,26
27,26
8,13
283,182
12,38
165,119
352,204
138,103
44,46
20,1
2,43
2,11
11,56
133,101
12,22
26,57
15,26
294,182
61,32
16,24
3,9
57,74
18,20
205,158
4,1
2,22
202,140
18,5
15,28
8,36
24,18
14,1
8,30
402,207
15,35
14,11
126,93
75,69
14,20
20,64
14,9
13,48
71,64
2,30
16,53
4,3
18,30
37,50
5,28
11,3
18,7
16,7
17,11
20,13
20,11
2,24
5,11
67,78
35,37
11,9
27,30
5,7
2,11
16,32
7,24
78,74
6,26
9,57
17,1
78,61
81,32
20,9
37,30
14,15
10,11
292,182
17,54
16,7
40,1
8,11
10,11
45,28
24,7
41,1
15,35
11,35
4,7
4,26
2,20
8,22
4,26
7,11
12,28
38,32
13,13
11,5
6,3
8,5
13,18
186,128
12,9
2,34
234,134
27,7
6,5
4,3
10,26
88,98
11,16
118,83
36,22
28,52
80,86
6,59
4,1
4,11
21,3
23,15
10,7
4,19
457,241
17,13
259,169
24,9
3,9
358,227
8,13
4,15
13,9
5,9
43,20
20,13
26,5
20,32
2,26
4,28
8,3
499,238
18,30
7,9
10,56
34,7
20,41
27,11
13,16
3,5
114,81
29,9
2,30
2,22
7,32
60,26
189,133
16,58
13,9
70,62
336,198
2,16
238,148
36,44
8,28
2,60
13,15
50,28
9,43
10,41
135,123
5,19
110,50
6,7
20,64
20,26
126,76
9,3
365,211
5,5
31,50
400,215
259,183
146,145
4,26
180,128
59,30
283,162
35,5
4,24
39,9
135,86
10,1
16,9
12,3
96,117
4,54
6,32
29,24
10,5
9,5
2,3
15,22
10,44
30,26
122,91
19,24
20,15
6,47
3,16
2,11
6,7
5,48
20,44
16,9
7,57
98,83
4,13
58,9
16,43
110,93
370,191
19,5
14,15
21,3
192,128
19,32
8,17
4,11
356,209
9,28
163,106
2,7
3,13
354,187
8,11
7,19
52,74
275,149
7,16
7,7
13,35
31,44
32,28
16,28
121,78
21,22
290,164
136,86
7,33
26,5
8,24
59,11
123,98
4,26
6,30
27,3
10,9
16,15
9,3
8,1
25,26
10,3
117,69
417,223
16,28
12,30
3,16
2,1
164,108
68,33
100,50
2,22
316,191
6,1
12,20
23,60
9,13
119,76
8,1
38,41
5,5
13,35
10,18
8,22
140,109
3,36
12,5
16,58
13,11
60,62
14,22
4,38
5,33
45,16
2,11
14,28
3,3
49,41
4,24
306,178
142,106
20,52
5,41
106,59
8,26
21,5
15,20
10,22
3,32
21,1
22,15
7,19
20,5
24,18
351,183
141,120
4,1
297,181
6,17
450,232
14,26
9,5
2,11
132,104
10,7
2,3
37,1
3,1
350,194
299,183
2,1
12,5
41,18
116,91
24,1
106,73
14,22
7,28
4,1
2,15
422,224
10,1
83,86
2,22
164,108
2,26
16,3
2,5
4,13
16,11
4,13
2,32
41,9
24,11
4,22
6,7
6,17
212,136
9,38
66,86
9,33
5,3
422,213
27,9
9,24
44,41
110,68
24,37
174,123
6,7
20,22
6,13
438,220
60,50
3,13
2,11
387,224
111,78
28,24
4,11
89,78
8,9
5,24
282,155
9,36
77,44
9,22
9,51
7,7
7,3
12,16
104,81
126,85
37,20
12,3
3,32
9,7
13,15
11,13
3,7
177,131
4,17
4,13
13,5
15,55
162,120
4,5
36,5
36,16
254,137
348,191
3,13
19,26
39,41
320,191
228,172
85,61
57,71
10,1
16,11
12,35
3,41
402,226
8,17
8,49
20,62
13,1
301,164
219,171
199,142
283,181
4,3
27,7
17,44
67,53
6,11
2,7
7,11
10,9
123,104
18,5
8,52
147,91
4,13
9,3
2,32
66,48
10,20
48,53
5,37
8,26
11,5
116,78
26,7
5,22
3,11
6,3
4,15
2,15
7,1
96,88
466,228
12,30
5,3
16,13
43,59
164,140
13,7
2,17
64,26
24,46
22,18
5,35
376,207
438,219
18,26
20,46
5,1
213,136
363,187
41,39
7,3
20,3
207,158
5,20
20,35
20,15
2,49
13,15
2,5
53,43
7,1
10,13
198,112
77,22
19,33
29,39
316,191
205,125
14,1
5,56
20,9
7,1
7,17
51,39
9,28
92,43
107,81
114,78
300,200
10,15
6,5
4,11
44,22
5,9
6,11
7,13
2,18
14,18
66,55
4,26
4,15
116,71
3,26
145,111
227,155
11,13
12,17
174,143
4,1
128,95
28,33
22,33
77,43
2,1
20,5
127,57
12,30
286,198
157,104
11,32
10,38
121,111
9,7
5,7
5,1
15,17
116,81
7,5
463,237
407,210
7,19
33,71
3,11
14,36
4,1
28,3
2,1
11,1
9,15
2,18
2,7
8,22
88,61
10,18
132,76
139,90
9,13
16,20
28,34
20,5
29,5
4,5
16,26
10,35
145,116
13,5
5,1
20,3
94,76
370,204
24,28
194,123
298,164
50,71
21,7
8,18
39,41
16,57
14,20
22,16
2,3
6,1
310,174
6,22
2,26
343,193
104,95
2,7
6,49
42,28
2,28
18,41
23,30
2,35
10,13
11,19
5,15
7,1
7,43
93,69
265,158
28,5
18,22
6,7
7,11
266,171
8,5
2,24
43,20
22,22
124,130
4,19
4,9
27,24
13,30
4,7
250,159
7,18
6,36
2,7
217,154
2,7
20,33
78,74
494,245
136,108
12,50
44,43
48,59
20,32
14,37
32,17
39,37
269,176
3,22
203,148
11,32
16,9
2,7
211,154
318,186
9,37
3,54
2,3
4,9
3,22
4,32
9,41
20,19
6,5
278,175
6,19
149,59
25,46
10,26
147,86
8,11
47,35
16,41
27,18
20,30
15,7
10,18
4,22
2,22
129,108
5,36
7,1
9,20
8,1
4,37
4,13
72,98
7,16
5,7
80,46
25,20
93,53
6,1
4,7
238,139
5,34
17,15
2,13
11,3
5,32
35,39
5,3
70,90
2,19
4,28
11,5
44,24
497,250
2,5
9,37
2,36
2,16
159,109
2,7
408,214
248,182
4,1
87,59
14,71
16,28
7,33
8,35
2,9
9,15
418,220
12,3
5,22
180,122
15,3
4,18
20,30
9,7
2,9
24,5
5,22
5,13
20,20
3,33
13,1
11,22
43,68
10,45
122,93
2,22
2,38
43,46
7,7
12,30
3,9
116,103
6,11
19,18
6,44
8,13
5,1
4,19
15,15
26,28
21,68
9,13
10,11
10,15
27,9
12,15
118,91
4,51
2,11
10,15
9,20
24,18
2,11
20,44
170,81
2,1
26,24
7,13
128,80
179,101
2,36
119,81
20,1
20,15
10,20
15,13
20,13
13,9
172,111
2,43
8,36
4,22
11,15
5,13
369,206
12,3
14,13
20,1
8,7
4,37
372,182
4,19
18,11
45,53
2,38
6,5
28,43
4,26
4,41
11,3
5,24
17,13
11,9
16,3
12,9
7,51
4,34
204,142
22,13
8,24
6,26
5,39
50,13
10,35
3,17
8,17
8,16
8,3
16,16
11,16
110,85
18,17
12,16
66,71
104,52
16,19
131,95
4,5
94,88
2,30
5,79
261,171
10,17
14,20
224,158
3,3
5,50
7,18
13,9
4,26
4,34
48,46
9,3
14,11
16,18
8,17
183,122
4,26
4,26
26,32
163,104
27,48
3,15
33,33
7,11
20,35
3,1
5,1
5,28
5,28
9,18
2,20
10,41
168,117
441,227
6,1
251,164
292,149
5,24
6,30
2,9
20,48
5,1
291,189
167,123
20,17
475,250
7,1
13,1
8,11
3,45
123,85
12,30
4,5
10,1
13,19
134,93
4,24
3,74
17,16
4,5
38,44
17,37
2,3
140,91
2,5
18,52
4,9
6,30
2,22
4,7
10,5
450,228
21,24
4,13
15,36
5,7
11,11
189,111
4,11
9,11
215,155
20,1
2,11
54,37
72,55
84,71
6,20
270,137
24,15
6,17
20,5
7,17
10,16
62,41
2,17
6,32
171,112
2,24
309,175
20,16
9,35
4,20
108,104
2,17
4,37
12,9
20,11
4,19
4,13
4,15
4,43
8,1
2,9
4,3
196,123
12,18
9,16
16,20
35,43
4,35
9,28
20,38
9,32
3,3
4,26
10,43
8,24
144,116
5,11
19,16
124,86
9,35
20,30
10,22
4,22
2,5
356,198
5,17
8,5
39,3
6,5
11,26
117,71
90,57
13,32
19,5
2,26
16,9
18,30
2,22
22,15
100,62
9,3
99,85
359,187
4,18
20,32
8,1
12,1
3,35
6,43
15,7
13,13
56,26
2,9
57,71
7,33
2,26
3,9
352,201
2,41
48,52
2,9
2,5
34,1
97,106
2,34
35,24
6,3
4,47
4,36
6,18
125,78
110,103
10,11
53,50
2,30
12,13
326,174
171,146
206,139
8,24
2,1
219,136
7,11
10,15
329,198
20,16
2,16
5,7
18,32
223,128
6,1
4,34
4,24
4,30
4,22
13,1
5,33
123,96
12,22
189,116
9,13
6,3
8,13
20,35
2,7
4,26
6,7
214,149
7,7
170,86
8,26
6,7
8,1
140,69
10,7
2,7
126,71
10,30
11,1
194,131
2,5
140,88
385,213
10,13
8,7
9,11
142,119
246,151
10,9
20,41
10,33
338,187
241,139
172,139
14,34
12,13
20,22
282,171
7,3
7,19
215,158
104,61
8,38
8,11
266,139
3,30
2,41
2,11
110,91
12,30
30,52
6,5
110,85
3,28
2,9
8,5
9,5
2,19
4,13
4,11
2,33
363,219
20,46
260,149
438,224
20,26
2,3
334,193
82,39
23,20
181,120
6,5
20,5
4,16
2,9
216,158
2,9
126,90
9,3
5,41
21,9
26,18
10,5
2,49
86,64
30,15
20,30
18,9
460,239
9,11
2,60
4,3
108,83
2,7
8,11
42,43
7,19
10,43
27,44
32,32
4,18
56,69
80,90
10,13
12,19
27,71
8,30
49,39
9,37
6,13
9,7
122,95
7,9
280,193
6,1
17,24
2,3
263,159
16,28
293,168
80,85
148,133
4,36
6,3
14,9
17,48
6,26
14,18
16,44
10,3
7,20
104,116
4,7
9,22
7,20
12,15
4,26
32,22
5,33
63,62
4,5
14,26
320,204
15,32
4,46
16,50
2,9
468,237
4,24
2,26
136,108
41,5
41,5
14,13
490,241
124,93
7,41
43,44
8,9
50,22
14,11
17,20
55,48
212,126
9,9
5,9
2,26
10,33
20,37
139,108
12,33
15,24
4,5
58,44
20,22
6,34
2,3
4,19
12,41
11,19
160,106
3,16
12,53
12,9
27,34
124,85
2,19
3,5
2,11
2,11
109,95
2,24
4,15
12,13
6,20
4,13
2,11
196,140
16,16
2,34
17,7
9,41
3,13
21,44
3,9
146,109
2,13
302,166
17,37
367,196
14,5
2,30
7,7
6,1
384,215
8,13
6,15
92,93
6,7
37,24
33,26
2,15
200,128
4,5
204,146
2,26
15,1
8,13
20,18
4,9
23,13
316,185
15,9
6,24
8,15
62,44
4,7
105,106
24,32
4,19
10,11
6,37
16,57
20,61
9,22
6,28
179,151
4,9
4,9
3,9
116,88
9,11
339,193
40,20
2,3
214,114
24,9
7,19
72,88
224,133
149,106
112,108
12,16
2,34
94,44
38,55
18,3
8,48
6,11
2,38
5,35
469,227
4,24
2,3
8,7
7,15
366,200
20,11
47,5
297,182
4,32
130,95
6,36
3,11
18,9
21,28
84,64
2,15
12,11
18,39
8,3
20,7
229,136
376,213
495,239
117,101
137,111
6,3
4,11
348,193
42,32
73,66
24,13
93,73
166,122
16,13
8,15
4,1
3,1
58,71
12,5
7,16
8,7
4,19
416,227
10,26
275,169
493,241
7,34
28,11
4,13
25,22
402,226
6,5
7,28
4,20
15,5
424,224
240,171
2,7
66,26
484,233
238,183
6,5
16,1
6,54
123,101
4,43
24,16
7,17
2,7
102,76
4,22
140,90
2,15
2,33
24,11
105,98
2,13
6,1
7,7
9,53
12,1
2,3
8,11
216,131
42,32
42,16
4,3
49,28
2,5
401,250
2,3
95,78
8,20
10,7
6,9
20,7
8,7
50,55
18,5
11,20
4,11
4,24
2,7
12,5
4,24
34,22
6,3
2,7
4,22
2,15
82,61
210,145
6,34
10,5
2,13
13,3
56,33
2,3
394,228
351,186
74,68
136,80
10,20
2,39
2,35
46,46
6,15
6,1
74,43
4,22
2,19
9,9
32,43
44,33
3,38
6,17
28,15
2,17
6,5
4,50
4,9
177,123
4,7
8,7
124,71
69,93
15,9
2,20
4,15
8,13
5,41
10,32
2,19
35,26
23,7
8,17
6,9
7,15
228,134
3,5
10,5
155,98
4,17
9,1
6,22
15,20
8,11
44,20
11,13
9,17
130,112
148,108
7,20
2,3
20,30
4,1
3,9
218,146
46,64
107,95
8,5
6,16
186,119
21,30
2,1
2,15
3,24
154,126
193,143
2,9
5,7
340,194
344,204
2,39
16,22
88,76
176,146
2,22
126,68
55,3
8,9
286,162
204,133
22,32
101,73
5,28
7,39
10,22
216,133
7,37
15,9
20,24
400,222
15,9
128,117
10,7
189,140
23,22
2,1
6,13
2,9
8,65
3,30
100,62
389,214
2,11
5,5
364,213
4,1
18,30
20,24
14,11
5,15
2,44
20,41
42,74
2,54
103,64
20,41
262,179
8,11
2,22
4,9
7,3
9,13
10,1
7,26
7,13
4,9
8,30
5,24
4,9
2,9
8,5
48,41
3,3
24,57
20,22
2,11
6,44
4,17
8,5
107,62
10,3
52,68
2,41
10,17
271,183
125,80
13,17
28,30
73,59
14,1
20,26
12,19
15,30
8,16
170,139
6,9
9,3
9,39
127,83
106,76
6,51
116,86
190,137
4,9
8,15
374,201
2,7
2,1
4,18
18,11
15,17
5,65
10,39
9,20
36,32
14,19
54,53
2,32
2,22
19,5
9,7
2,13
55,55
5,15
20,37
10,7
132,78
7,15
468,242
180,96
4,22
32,28
4,26
20,24
24,30
2,43
5,3
66,46
2,3
10,13
215,143
2,36
4,5
20,11
12,16
25,43
2,7
42,39
5,49
12,1
50,22
3,35
2,9
27,32
3,1
2,15
2,24
36,37
2,1
4,9
5,24
4,7
8,5
12,52
9,24
6,28
146,90
484,251
6,9
2,26
292,169
4,1
2,28
3,9
3,34
11,5
54,61
60,41
20,36
2,13
11,35
12,7
34,26
153,80
60,68
12,28
4,32
20,59
4,22
102,86
4,17
237,166
4,22
9,37
140,119
36,61
2,1
10,1
20,30
20,37
184,126
2,79
106,80
47,26
2,54
3,26
124,93
2,3
6,22
136,100
484,243
90,32
8,1
8,7
4,17
4,9
153,103
284,187
277,190
112,83
10,30
46,73
11,18
36,24
7,11
106,81
2,28
355,193
9,3
420,239
9,3
176,111
48,5
10,13
7,5
25,5
22,24
128,117
12,35
197,139
4,7
3,19
4,46
4,32
7,7
8,28
36,86
9,5
3,18
6,1
20,11
2,11
6,3
2,22
8,16
121,91
2,7
13,11
8,37
9,20
13,39
5,11
389,202
27,17
4,9
6,41
20,26
491,245
2,49
4,3
2,15
8,32
183,126
13,53
14,13
2,20
4,26
176,146
16,32
218,148
4,16
3,19
112,80
8,1
6,7
116,86
138,114
5,11
5,17
16,28
4,26
20,32
2,22
20,15
20,3
31,35
10,45
21,11
6,24
104,62
3,24
2,13
4,28
2,34
8,22
12,28
4,22
499,257
20,11
106,96
257,152
2,32
51,52
21,24
4,20
5,1
21,22
2,5
148,108
5,37
61,55
8,22
56,39
2,24
358,210
3,1
12,37
8,18
16,39
105,111
2,20
132,98
9,1
5,16
8,9
10,22
2,39
6,9
13,15
8,30
2,11
4,24
2,9
6,33
264,162
64,73
5,22
20,3
12,39
6,34
2,9
4,11
134,117
8,15
21,5
3,9
17,5
20,22
20,55
9,13
5,1
377,200
2,1
3,11
10,22
80,57
121,85
24,7
4,1
247,142
6,17
2,20
396,233
8,9
328,181
45,39
10,18
4,24
2,13
41,18
328,200
323,210
12,20
30,39
151,108
6,28
69,39
232,156
20,5
2,3
4,3
22,19
306,168
2,1
4,5
18,9
183,112
20,11
95,61
20,39
113,80
20,1
8,43
2,60
453,227
6,5
67,64
20,5
5,11
3,7
3,7
8,11
2,32
7,3
230,172
14,41
155,85
20,50
26,32
42,11
42,43
2,5
200,151
4,24
3,20
4,11
9,13
225,171
7,1
224,159
2,33
3,26
198,134
2,9
140,93
10,15
20,16
275,165
6,1
148,123
2,16
8,28
2,3
2,13
10,16
30,50
166,126
132,98
150,108
4,33
3,32
7,26
346,197
109,103
341,169
211,140
207,108
4,17
3,1
5,11
493,241
4,1
212,120
20,50
9,16
8,34
20,16
12,34
27,53
32,26
2,1
4,30
5,18
20,7
100,88
156,108
16,19
5,13
4,13
16,18
28,24
20,20
3,30
130,104
70,30
7,19
5,18
3,3
4,9
148,120
6,1
96,62
8,24
18,33
10,11
10,11
20,3
3,54
4,11
2,30
3,28
17,13
2,7
6,1
4,19
4,26
4,7
12,5
7,1
280,174
9,17
32,30
184,103
5,7
6,11
110,93
11,43
6,22
4,24
15,3
2,7
3,30
13,13
5,22
7,18
352,200
36,22
113,86
2,32
11,5
2,43
16,11
284,185
8,3
11,32
4,51
4,1
52,20
18,41
198,134
102,71
3,5
41,44
60,52
20,39
13,24
7,32
5,9
2,50
368,204
10,13
120,104
10,32
4,18
2,47
161,109
3,15
4,18
128,91
4,26
6,15
6,16
8,22
416,214
223,146
9,17
8,32
3,43
86,59
2,9
8,48
18,15
253,161
10,9
9,18
10,5
14,33
50,55
10,15
7,5
7,30
13,19
20,18
46,53
12,11
18,15
5,24
20,3
120,88
54,26
26,9
20,1
24,9
6,26
20,24
7,19
20,16
12,11
2,5
10,22
238,158
14,32
139,114
7,22
8,7
4,49
80,64
2,3
130,101
5,38
2,17
67,28
23,15
8,7
4,13
4,16
4,34
294,186
10,30
15,7
114,76
2,22
145,76
484,232
96,50
2,34
240,145
113,52
12,1
7,5
20,7
2,28
4,11
16,32
334,191
4,26
10,3
242,155
11,18
10,13
6,9
16,16
5,15
3,41
8,44
2,5
2,17
4,9
216,125
4,18
6,9
4,28
4,9
28,18
7,9
108,71
6,13
13,9
332,201
20,43
6,5
8,11
18,9
8,11
2,30
3,7
2,5
5,22
168,95
4,38
4,1
4,16
9,28
7,16
211,154
7,41
58,50
5,32
54,90
20,30
6,9
56,59
17,9
2,18
6,33
26,33
207,136
16,15
4,7
2,19
2,26
12,15
2,39
2,22
14,5
12,16
4,11
5,26
20,43
12,22
275,165
2,15
5,3
4,28
187,122
4,56
2,16
6,19
4,26
2,11
4,22
2,1
7,28
145,128
14,41
2,49
8,35
2,26
300,183
2,17
4,33
9,5
126,108
266,197
16,18
4,26
4,18
135,69
20,18
490,238
8,20
3,9
119,68
14,7
12,5
6,13
2,16
12,5
102,44
5,3
4,26
2,13
68,43
6,45
20,22
2,7
105,108
16,1
5,26
4,30
9,3
192,100
4,15
2,5
113,62
12,30
72,50
472,229
132,88
2,11
8,20
12,13
8,9
4,5
16,9
8,13
3,9
6,43
7,13
8,15
8,16
39,3
2,7
92,69
3,19
9,5
368,206
2,7
2,5
2,34
114,90
12,30
234,151
20,16
20,5
8,18
114,93
4,32
3,20
4,39
7,32
2,30
2,15
4,5
4,41
15,1
2,22
106,64
2,9
5,15
191,134
5,7
239,165
276,171
2,28
9,39
295,169
12,5
92,73
6,11
3,15
2,13
4,17
462,233
17,17
2,22
2,1
130,109
8,7
9,19
13,17
408,200
14,47
52,61
9,1
74,85
23,24
8,3
166,112
2,26
82,59
327,186
10,28
4,15
6,11
20,13
13,9
2,5
9,9
132,106
20,3
110,66
2,33
11,18
6,17
4,79
4,18
33,13
14,13
37,26
2,5
3,24
462,241
5,3
102,61
2,28
8,9
3,1
2,15
34,18
8,5
12,30
10,1
136,100
254,146
19,20
12,1
15,28
8,7
116,80
2,32
124,73
5,11
8,67
217,136
3,11
102,81
20,7
2,15
222,125
4,19
344,179
3,15
28,18
4,36
180,120
246,158
6,11
6,36
20,9
2,22
12,16
236,148
5,1
32,3
6,54
2,1
2,16
6,3
5,22
10,13
2,15
8,5
30,13
31,15
63,44
4,1
2,7
2,11
4,15
8,11
141,122
2,3
183,119
2,36
188,111
66,61
230,156
98,88
2,9
9,26
174,155
156,126
5,20
192,111
3,5
6,3
4,32
15,48
2,15
149,104
3,7
3,16
17,52
6,11
184,120
4,18
91,83
5,13
2,26
2,1
2,1
252,178
5,28
17,16
4,11
5,22
2,15
20,28
4,11
122,91
4,24
2,13
288,189
2,30
62,61
18,47
20,35
65,37
2,3
2,13
2,1
14,3
15,26
2,63
3,51
4,13
4,22
128,106
16,22
89,83
20,22
54,30
8,17
4,63
2,18
10,41
92,85
6,17
3,19
2,30
4,26
5,15
8,16
2,1
20,15
20,22
9,18
260,161
224,125
4,58
5,20
2,28
2,5
6,18
330,183
10,39
2,24
316,196
16,51
210,137
10,22
2,9
14,19
4,33
5,1
6,26
120,81
2,15
472,227
10,26
5,16
2,5
6,24
163,106
2,16
28,20
9,13
168,112
13,33
2,7
2,16
2,20
32,35
214,123
16,57
4,17
373,186
22,7
6,32
4,24
6,1
9,11
20,24
20,13
2,16
4,32
25,22
432,229
9,24
8,9
9,60
6,11
9,17
76,59
2,13
2,50
335,197
74,33
14,26
10,1
10,44
3,7
8,65
39,62
6,7
118,114
3,43
140,78
174,117
3,1
4,36
4,7
158,111
6,17
20,3
4,11
64,69
20,9
106,59
7,22
18,9
176,123
8,28
8,41
4,28
2,7
158,119
20,15
2,18
328,196
2,16
2,51
124,90
5,16
20,13
18,20
2,34
10,1
64,62
2,24
2,13
3,7
9,3
24,43
2,28
38,28
134,78
4,13
4,28
429,231
204,109
6,28
6,24
8,13
6,20
12,7
484,253
3,46
4,9
2,13
4,7
9,24
74,68
6,26
2,9
370,201
10,24
2,30
100,68
6,26
4,35
261,154
7,11
2,53
7,5
8,3
182,116
7,50
106,80
133,85
20,22
6,60
6,22
32,43
2,30
226,137
19,15
434,233
2,5
14,5
128,91
6,3
8,5
10,11
245,112
10,20
110,86
166,98
20,11
372,202
4,34
180,120
5,13
20,11
4,7
12,9
3,28
8,11
2,18
2,5
322,190
2,22
2,5
4,22
11,15
8,28
11,1
8,26
7,28
20,41
6,38
4,3
14,41
280,181
38,30
8,47
154,104
2,32
28,22
9,7
6,28
4,17
4,38
8,15
6,47
2,1
7,22
12,15
24,39
8,15
8,28
2,35
40,43
136,120
2,13
16,17
52,33
12,32
3,24
156,120
7,13
68,52
3,36
4,30
4,28
8,7
26,22
2,34
42,35
2,15
2,32
6,1
2,1
12,3
2,3
3,15
20,13
6,17
4,7
90,73
5,1
129,111
20,1
6,16
6,26
12,38
7,16
64,50
12,39
10,5
2,1
6,28
128,109
2,1
218,119
344,201
79,33
108,64
52,50
9,11
2,28
20,50
9,13
23,15
172,78
2,5
2,13
4,5
2,19
12,7
2,9
2,5
5,17
2,11
347,191
8,13
20,20
2,28
6,11
2,36
153,117
187,131
2,36
4,5
4,22
7,9
4,26
6,26
4,7
16,11
4,7
20,26
42,41
8,30
96,24
4,15
20,46
8,9
4,22
3,3
7,7
10,46
3,13
30,13
5,7
6,13
4,1
2,1
32,37
16,17
2,7
20,37
2,36
2,24
16,33
7,1
2,1
330,189
114,83
3,17
74,90
55,73
7,9
2,35
10,26
4,19
9,24
13,13
7,20
369,193
5,20
3,51
2,33
170,143
2,32
6,24
2,5
2,15
2,5
116,73
55,32
113,81
4,20
55,78
6,7
2,37
16,7
6,3
4,7
93,78
34,50
154,137
2,18
49,73
5,24
6,17
6,43
4,5
2,16
384,220
8,13
174,117
4,9
10,13
12,9
20,48
322,191
4,16
5,34
8,7
8,7
78,73
2,7
82,61
22,3
11,35
130,134
2,7
22,3
12,30
8,15
15,7
4,7
196,142
7,15
20,26
20,7
4,3
4,15
8,41
8,20
8,48
42,52
6,37
107,71
2,18
6,28
160,119
4,9
13,43
20,3
22,22
9,22
6,33
5,3
4,7
28,64
2,13
21,3
4,15
2,9
322,185
2,1
5,20
20,16
2,18
47,71
20,41
2,28
2,7
258,161
4,3
118,125
2,20
3,19
7,16
20,44
2,7
16,9
4,9
6,17
2,20
3,56
114,62
222,145
220,148
116,81
10,3
4,5
2,11
6,5
288,166
2,15
135,80
48,26
336,206
2,5
173,149
10,7
2,5
4,13
20,33
52,52
20,37
2,3
492,247
4,15
46,39
104,59
6,41
4,30
14,46
24,57
2,28
128,95
2,30
8,5
16,7
5,7
45,30
9,9
128,96
20,16
12,32
2,13
12,17
10,18
4,7
4,11
14,3
2,41
2,22
48,39
12,7
7,15
23,24
6,15
7,5
2,22
10,18
6,13
340,204
312,181
7,51
336,182
3,9
3,7
3,9
2,1
6,18
5,30
3,33
2,5
2,9
10,22
138,68
3,7
12,22
46,28
2,3
226,131
262,158
6,9
6,3
138,93
2,13
8,15
6,5
16,3
49,24
201,125
2,22
2,32
2,45
8,26
7,13
34,26
10,11
4,32
4,26
6,15
4,24
5,7
20,5
24,22
4,26
4,36
2,13
20,24
10,7
2,30
8,9
20,15
4,15
5,1
4,5
6,37
6,1
54,43
9,17
7,7
232,149
32,39
4,7
26,5
6,15
24,9
2,36
5,1
5,19
3,34
10,5
4,1
5,16
4,33
5,16
20,13
10,5
28,9
4,26
5,43
112,86
3,13
4,28
224,155
2,36
2,56
188,119
4,1
4,47
60,43
250,169
20,32
22,9
6,24
2,22
68,73
220,123
16,49
10,43
172,104
3,5
4,1
434,229
10,20
8,20
8,20
2,22
36,32
3,1
4,3
28,50
6,3
6,11
6,1
28,28
94,78
16,3
6,30
2,5
6,13
356,194
20,3
2,13
2,5
168,125
6,44
2,15
2,19
4,5
2,26
2,3
3,13
160,109
36,55
2,9
2,47
72,41
165,136
6,9
20,3
10,9
188,117
3,5
2,3
2,5
20,11
255,137
263,159
3,47
16,30
8,15
14,35
2,43
184,116
82,57
17,30
60,43
9,17
3,15
2,55
281,179
4,7
15,33
52,44
6,15
176,123
173,108
78,28
32,7
2,16
104,88
5,32
4,43
9,26
17,26
4,1
30,7
2,20
84,90
6,3
7,7
4,34
7,26
131,128
30,17
74,57
2,3
12,16
8,16
20,38
3,11
7,13
5,19
31,35
250,152
18,13
2,34
192,143
74,71
188,125
18,26
4,13
2,7
4,28
6,11
486,242
4,7
76,80
20,37
184,145
134,96
16,53
8,35
2,34
156,98
2,30
6,7
276,161
2,5
2,22
2,3
2,9
5,17
42,39
4,38
2,15
3,15
4,33
64,28
4,5
5,18
2,3
20,16
24,52
217,146
4,51
99,39
2,19
20,11
110,104
20,11
24,26
124,90
320,189
376,197
7,3
276,171
92,68
2,3
158,103
2,13
37,1
18,1
6,56
2,11
5,17
7,7
5,13
5,24
4,32
2,20
2,20
5,20
19,20
12,3
4,7
483,227
304,185
2,1
2,9
2,16
352,196
2,13
2,1
20,28
260,171
20,9
2,11
36,39
9,22
4,9
20,50
2,1
2,19
6,26
6,28
10,32
20,52
180,139
2,30
4,3
3,5
5,20
236,155
6,9
36,26
2,47
94,50
12,22
446,223
15,35
2,7
7,22
2,3
4,11
22,9
126,76
4,36
163,140
171,103
2,13
101,66
6,48
6,15
8,20
77,85
2,5
20,35
8,55
6,1
8,3
7,24
3,13
2,20
10,37
388,218
2,13
56,57
20,24
2,26
4,1
20,39
6,1
40,15
51,7
4,19
9,7
8,7
20,35
4,9
3,1
10,11
4,5
5,37
18,41
2,30
22,35
12,43
4,5
120,86
3,15
5,19
28,26
8,15
20,28
2,34
2,19
20,9
6,3
4,36
8,19
56,64
8,38
2,52
52,39
8,3
2,7
31,46
20,11
5,9
20,26
3,11
20,16
6,30
129,108
4,9
12,5
6,7
2,15
8,30
20,43
154,109
12,5
5,24
2,33
20,44
6,15
4,18
109,78
16,22
3,45
3,15
9,5
2,5
8,15
51,39
20,1
4,1
2,3
20,13
12,1
10,16
2,1
14,28
2,33
290,169
65,24
20,24
2,22
2,35
7,34
20,32
16,16
84,71
3,43
2,1
5,11
184,146
90,73
63,30
75,37
15,3
18,5
42,61
3,28
3,11
2,7
4,9
3,28
36,28
20,33
2,9
326,201
4,13
2,7
24,55
4,41
2,15
145,108
244,156
194,145
12,18
130,80
4,11
6,17
7,35
3,1
10,46
8,11
4,1
2,17
62,61
132,123
18,15
10,15
7,20
12,9
5,1
2,3
2,11
4,18
2,26
73,71
2,33
6,3
8,18
2,5
5,9
2,28
4,30
126,103
96,66
7,1
12,13
20,15
128,73
4,32
15,7
104,98
208,109
20,17
3,30
190,119
12,11
16,1
8,9
2,7
2,7
4,13
2,44
5,5
123,85
114,71
12,1
108,73
4,9
4,7
9,7
2,13
20,1
40,28
214,155
40,30
32,9
3,17
2,1
82,52
9,7
64,55
78,46
20,37
95,68
18,24
6,28
8,28
8,36
28,32
6,43
345,185
7,34
12,15
135,125
5,19
4,15
166,100
2,39
4,26
58,46
2,17
7,1
4,18
2,15
104,88
174,130
146,95
308,186
264,146
2,32
5,28
6,9
22,9
10,38
20,43
308,182
4,5
6,3
2,36
70,52
8,3
2,5
6,38
8,26
8,1
4,7
20,3
4,9
2,28
120,98
21,24
4,26
6,37
2,13
4,1
4,20
15,5
8,11
2,26
434,222
4,15
6,54
2,19
9,5
2,9
20,15
181,133
10,35
20,1
257,164
2,18
9,43
2,47
4,1
42,1
8,22
6,16
20,16
3,15
2,28
4,11
4,15
6,28
4,28
2,17
7,17
4,15
4,24
201,154
5,5
20,39
8,24
2,3
2,9
20,9
14,5
121,119
256,152
114,80
4,3
10,7
8,1
8,3
8,9
2,11
38,15
20,35
9,9
53,39
2,9
268,133
2,30
2,32
2,41
2,34
3,3
2,24
4,15
7,16
38,69
4,9
2,3
2,26
6,1
20,1
4,1
4,26
20,11
32,3
2,13
3,5
12,7
5,30
2,5
2,22
20,1
8,15
4,34
8,7
4,28
4,3
8,1
6,9
4,9
8,38
2,26
3,11
12,3
12,3
4,1
2,1
4,34
20,13
4,39
2,3
22,22
2,35
4,22
2,43
4,17
3,3
8,32
18,9
4,9
2,7
10,26
5,15
60,16
20,1
4,17
9,9
271,175
4,1
2,9
2,49
8,35
2,17
244,149
10,17
16,1
13,43
20,28
36,1
2,16
7,3
23,11
4,22
2,53
222,162
20,32
35,37
8,9
10,20
2,26
5,45
2,7
2,1
4,7
2,19
20,5
2,45
20,5
62,48
172,134
5,5
8,13
2,17
6,1
3,26
404,209
213,130
168,108
4,1
12,16
4,22
48,53
4,58
16,7
76,66
8,22
12,20
14,9
6,1
4,17
2,38
4,22
2,28
35,43
6,5
24,1
112,103
114,85
13,9
6,7
12,1
4,9
2,30
2,28
6,13
2,22
8,11
4,30
9,33
37,22
24,46
4,46
3,16
20,13
16,22
110,71
456,232
28,1
2,28
4,3
4,1
20,16
2,9
378,209
3,5
4,28
2,26
2,22
155,98
6,3
2,33
20,13
16,15
6,5
2,43
8,30
134,55
224,137
364,201
5,43
12,7
230,164
2,9
2,24
104,74
20,7
8,9
3,1
6,16
2,7
4,5
20,28
8,26
2,11
6,13
3,16
148,74
32,20
4,1
237,155
6,3
4,3
2,13
134,91
2,5
8,47
10,37
121,95
56,41
3,9
2,5
4,13
90,46
22,15
2,13
6,28
16,37
18,11
6,11
12,5
5,13
5,13
4,16
18,7
97,57
9,9
6,28
2,32
60,48
2,13
189,120
8,17
2,13
10,5
62,59
7,15
8,26
143,136
20,13
2,20
3,17
176,131
12,1
2,18
3,11
166,111
8,15
59,44
20,28
2,22
4,43
5,16
8,35
2,24
12,43
16,33
192,112
2,7
2,9
99,69
20,36
4,32
4,19
20,28
2,17
5,19
2,22
37,38
2,7
4,9
10,11
20,22
150,119
20,22
3,7
40,7
2,19
20,22
4,33
20,5
8,1
20,16
8,13
69,24
6,22
4,3
20,5
20,1
2,16
20,17
54,32
203,122
10,16
4,5
108,74
2,7
4,1
40,32
4,32
26,22
2,1
159,114
4,32
8,16
36,48
5,1
170,117
4,11
20,24
20,19
2,3
222,130
16,50
20,37
2,24
190,130
4,19
6,19
16,7
20,24
8,16
12,26
10,24
4,1
386,200
20,28
2,24
142,108
139,122
236,151
4,39
32,24
20,11
8,5
2,26
3,13
8,22
4,41
2,15
4,32
117,104
4,9
2,51
32,7
10,19
5,5
16,7
13,17
32,43
2,9
20,26
6,36
2,1
2,15
7,9
3,3
6,7
2,28
4,35
3,20
16,5
10,11
228,148
12,24
4,3
48,55
3,28
92,59
162,93
4,19
4,3
8,13
100,71
20,3
6,5
47,5
22,24
4,39
20,9
5,24
4,26
6,30
365,187
258,178
28,26
6,28
162,108
2,7
74,81
22,3
10,43
3,5
20,15
2,18
28,13
10,3
6,52
198,145
106,76
2,45
20,18
461,224
6,1
191,117
2,28
81,52
12,39
4,11
2,22
3,47
6,15
2,7
70,52
124,71
8,15
236,154
2,26
78,55
4,34
6,15
5,13
122,106
20,3
2,20
60,46
19,13
8,1
14,9
2,11
434,217
4,11
2,11
3,19
2,19
20,37
10,3
16,20
40,44
5,11
4,39
182,123
8,24
2,9
8,1
4,11
2,26
2,3
3,22
2,41
19,13
2,7
14,43
20,16
8,1
8,41
2,36
2,45
4,1
148,106
10,74
2,13
2,7
6,41
3,7
136,123
5,30
2,3
152,126
9,72
6,13
12,11
8,34
4,9
208,148
16,3
11,11
6,45
20,18
6,7
4,51
18,13
5,22
4,37
104,88
20,24
4,20
2,19
20,11
12,24
138,101
2,16
70,20
14,17
190,131
2,17
2,13
16,3
8,26
2,34
5,3
2,13
68,80
2,15
150,111
3,3
6,5
178,125
335,202
16,36
16,1
4,5
9,16
2,50
12,1
2,11
2,20
20,34
5,11
372,222
92,66
147,139
11,9
412,236
4,19
12,1
2,16
4,3
8,39
6,18
2,30
278,145
20,5
373,202
13,13
8,15
3,20
12,15
74,61
6,19
2,43
7,64
66,93
48,33
20,16
22,13
6,49
4,16
232,136
5,28
20,1
8,5
114,96
2,76
102,50
4,28
7,30
4,54
2,1
2,5
30,24
368,205
2,24
3,32
2,38
3,35
4,7
4,13
2,30
16,32
378,204
5,17
5,5
34,34
443,226
8,11
2,28
4,22
2,1
6,13
3,13
20,30
20,28
2,13
139,90
6,32
2,9
8,19
10,9
204,133
2,18
22,30
12,51
6,7
312,193
4,36
4,24
2,22
34,41
4,9
56,20
22,22
20,13
124,86
20,3
20,16
6,5
6,26
394,214
20,9
7,15
252,172
282,169
2,32
3,13
16,26
48,44
9,11
72,53
4,13
218,140
20,7
16,13
282,168
12,28
3,7
52,30
156,114
2,5
2,56
2,5
3,22
20,15
17,18
9,41
28,20
27,26
98,71
7,28
7,37
4,11
142,111
18,39
2,1
14,13
4,1
4,30
2,1
10,52
58,32
20,7
2,28
62,48
122,86
4,30
138,111
4,24
72,69
5,16
2,28
2,5
313,181
216,139
20,39
8,3
2,5
2,26
2,13
202,123
4,43
40,33
2,13
18,9
2,32
2,13
430,229
4,19
44,66
206,146
2,58
20,13
2,13
2,41
4,24
34,5
20,28
4,1
4,7
4,18
17,11
222,145
2,18
16,34
2,3
10,1
5,22
262,149
10,7
2,22
4,37
20,20
2,5
200,139
37,59
2,5
2,3
12,13
308,171
2,13
4,30
6,1
8,39
16,41
41,53
2,17
2,17
88,86
25,50
4,5
2,19
2,11
2,7
14,24
2,11
2,5
4,44
6,18
2,60
4,13
116,104
14,11
2,3
2,26
8,3
2,3
2,24
4,3
4,32
238,155
10,39
12,20
3,38
424,224
4,1
20,3
4,3
180,123
338,214
122,114
80,71
20,5
4,1
2,5
8,13
270,172
2,32
2,9
100,66
16,15
132,125
12,22
2,11
2,7
10,28
8,33
6,7
2,15
2,17
6,3
6,13
453,238
128,103
2,34
7,51
106,76
156,106
5,9
24,24
6,45
5,5
2,5
2,11
468,239
8,45
8,13
36,11
6,30
2,5
408,223
31,15
152,81
2,3
4,35
4,30
68,33
6,5
8,17
2,32
13,1
4,11
20,30
29,22
2,19
4,24
5,13
7,13
20,30
442,237
180,116
4,16
4,19
20,19
6,16
7,16
188,151
2,13
72,52
2,28
20,39
2,5
10,20
289,161
6,35
6,45
8,32
4,3
5,5
34,38
2,67
8,32
28,30
40,69
2,30
76,69
8,5
2,7
4,5
8,26
6,3
2,1
2,11
2,15
20,55
8,1
14,7
2,26
2,37
2,33
4,3
14,33
2,15
2,26
14,3
162,98
6,20
2,15
8,7
2,60
8,33
41,24
52,32
8,35
4,18
2,28
3,13
2,5
2,15
94,68
22,3
20,16
332,204
4,11
30,39
3,7
4,9
4,19
18,30
12,11
2,1
10,3
72,66
8,32
2,15
8,17
8,61
2,34
4,7
4,39
404,222
2,28
104,76
118,100
3,15
5,5
10,7
96,83
4,11
4,38
2,24
12,1
2,17
10,5
28,7
2,45
13,11
20,11
239,137
2,13
4,13
2,1
8,32
2,38
90,55
20,13
2,18
12,3
17,3
324,176
4,11
20,7
4,22
210,139
20,66
2,3
8,1
20,1
184,111
20,5
6,11
4,32
20,15
9,17
2,5
20,13
4,17
2,9
2,7
2,3
209,151
4,15
2,39
20,1
30,32
20,28
2,13
20,3
2,45
2,30
2,5
20,22
4,26
14,15
2,13
3,24
14,28
43,33
12,13
82,90
2,24
31,39
6,1
358,210
44,35
2,13
76,53
214,106
2,22
60,69
2,7
142,109
2,38
4,7
147,108
10,19
2,15
62,30
2,28
28,18
20,5
3,17
4,7
3,22
2,11
2,24
66,59
6,1
3,5
82,46
24,22
2,18
62,50
2,7
4,9
17,16
12,7
10,24
4,19
12,32
120,96
6,15
6,17
37,46
2,13
2,17
2,34
20,5
4,9
2,32
167,114
334,190
2,18
426,224
2,16
8,3
3,22
3,67
2,24
15,18
246,148
4,18
2,3
2,11
10,7
164,116
10,7
20,58
4,3
14,9
151,108
4,7
443,233
202,126
16,9
15,15
6,9
20,20
53,7
19,18
2,41
4,13
220,133
6,1
20,17
3,30
2,1
9,5
48,20
24,68
216,117
92,57
2,7
4,1
2,43
2,9
2,22
3,13
8,7
2,1
246,169
2,20
4,26
4,38
2,16
24,9
2,5
226,126
4,28
2,43
70,69
2,1
2,1
10,24
2,3
50,68
4,5
20,5
20,30
10,3
2,13
4,3
4,3
28,5
4,30
4,49
184,126
256,169
2,35
2,24
2,28
18,24
10,22
4,5
112,98
20,46
3,30
4,28
3,19
20,7
8,11
2,22
8,28
10,30
2,15
8,24
8,1
2,28
39,7
6,20
2,13
5,13
20,43
20,1
5,9
6,52
2,24
260,139
15,15
14,26
90,37
100,90
16,7
8,18
186,130
8,16
8,19
4,11
20,26
4,26
9,26
32,52
149,96
2,32
10,9
2,50
195,112
9,1
2,17
4,3
110,66
2,1
20,34
2,39
2,35
2,28
3,3
20,20
3,13
2,20
4,24
2,9
4,13
2,24
2,38
8,9
26,3
168,101
2,34
34,3
6,9
4,19
12,13
134,106
8,28
76,26
474,227
16,33
2,1
125,74
58,20
12,3
3,3
2,45
15,24
288,168
106,95
4,13
2,56
8,5
126,76
2,65
4,26
356,210
44,35
16,20
52,46
128,100
440,219
10,32
4,15
8,26
66,13
20,7
8,11
12,11
52,41
4,5
4,17
6,62
6,15
196,143
162,104
2,26
24,20
14,20
2,24
172,126
2,9
20,33
50,39
4,30
6,15
2,5
78,69
147,83
16,7
20,7
6,39
10,3
2,26
9,11
176,155
8,34
24,37
20,3
20,5
28,22
128,81
108,71
10,38
20,7
20,1
2,5
4,26
60,74
72,57
2,30
277,152
3,3
12,5
70,50
2,11
9,11
2,41
2,11
328,194
2,15
2,9
204,143
8,26
2,3
3,19
2,15
25,20
51,39
160,81
12,30
2,5
378,219
4,28
2,5
102,53
3,9
36,11
403,215
44,32
56,3
110,71
290,171
4,30
20,11
4,1
2,56
2,32
6,3
8,15
4,11
101,90
438,218
234,166
8,19
12,22
2,9
6,20
9,47
4,22
102,81
8,13
20,74
3,5
2,11
70,78
282,159
2,20
107,86
4,7
23,35
8,15
2,1
2,9
314,182
201,130
2,19
41,3
134,100
4,11
2,30
12,13
2,11
4,28
4,3
2,17
2,3
3,24
8,39
4,5
2,28
18,50
12,9
4,36
3,28
4,3
6,18
8,11
4,22
20,13
4,22
5,1
54,44
453,239
4,11
16,3
2,9
10,28
6,15
2,41
4,5
12,5
20,11
4,26
4,16
8,9
4,43
20,7
2,24
5,30
2,30
2,7
3,7
2,26
44,46
10,3
106,76
216,140
70,61
4,19
4,9
122,85
6,56
5,9
8,51
18,41
10,9
4,5
4,5
4,22
20,35
6,24
12,54
20,35
4,11
2,13
39,35
2,11
30,7
6,7
54,35
76,64
2,3
4,11
20,19
20,13
2,20
62,18
2,1
5,37
46,48
2,19
440,227
136,76
4,7
166,112
10,13
2,1
248,154
4,1
2,54
6,11
4,50
8,37
4,22
394,236
5,16
2,24
2,9
2,7
4,17
8,5
112,86
14,30
32,24
3,3
3,22
219,142
2,9
2,39
3,1
5,32
20,24
144,104
20,20
150,91
2,13
25,43
8,52
8,17
492,244
20,26
8,36
2,5
2,15
35,46
4,1
16,24
146,119
4,26
16,17
2,15
2,36
6,15
28,52
4,15
3,16
14,16
3,26
20,15
2,1
373,196
4,15
2,45
2,3
4,15
12,24
2,7
4,13
9,3
4,3
2,7
4,17
2,18
12,13
6,22
2,16
4,30
29,50
8,5
2,24
5,11
20,26
20,30
4,34
462,245
2,22
8,5
10,57
4,22
20,24
8,22
324,196
12,33
8,50
3,13
410,207
2,49
12,1
24,13
4,22
20,5
6,16
4,7
8,37
8,28
184,136
4,24
48,18
126,91
2,5
458,226
24,16
2,1
2,7
8,7
2,22
20,16
4,33
2,13
6,30
10,66
362,213
254,156
32,13
2,16
3,19
8,15
3,1
249,145
2,22
188,145
66,53
2,32
2,30
2,1
4,32
12,20
12,30
176,119
2,9
36,16
88,71
3,34
196,133
176,91
4,7
6,7
41,48
14,26
8,3
6,30
10,3
2,5
8,44
9,11
444,232
6,16
16,13
4,3
4,11
2,18
47,7
102,100
6,3
2,28
2,36
36,11
2,24
8,16
2,24
3,28
20,15
2,35
2,1
116,88
20,33
20,26
2,11
15,26
2,15
4,13
2,7
2,1
368,206
468,233
2,36
206,136
146,103
3,15
4,17
6,47
2,7
46,90
2,3
2,28
37,9
190,136
4,15
15,28
230,123
4,9
52,44
4,36
226,145
60,30
340,178
2,19
2,1
2,13
2,11
4,13
2,13
4,11
2,17
2,43
26,43
200,101
16,7
150,90
4,5
20,13
3,41
50,3
4,32
214,136
2,5
5,15
9,22
12,5
226,117
20,52
4,17
2,11
4,16
95,83
2,1
2,51
4,7
383,211
2,34
2,43
20,43
2,24
32,41
24,44
6,11
20,37
236,143
2,11
20,17
4,24
2,9
56,62
2,28
6,9
4,30
456,222
2,9
2,22
4,1
9,16
12,32
10,15
4,20
2,11
2,5
4,13
12,5
14,17
144,95
82,69
4,11
30,20
2,3
8,38
2,7
2,7
2,11
56,46
2,22
12,32
4,19
42,7
31,30
20,11
4,1
2,17
6,24
6,15
10,37
492,256
2,58
8,5
9,18
4,1
44,43
2,9
8,22
61,81
2,11
11,1
9,17
2,3
72,37
4,16
2,13
21,30
10,13
237,168
244,149
104,98
8,1
2,20
2,38
2,11
2,16
2,5
6,15
8,18
2,34
36,32
364,201
2,26
2,24
20,13
20,7
4,24
2,7
2,7
34,37
16,1
2,13
2,24
6,11
150,78
21,7
4,22
3,49
10,11
4,3
8,11
320,185
13,39
6,22
4,11
64,46
2,19
2,50
114,93
24,20
18,26
2,15
9,3
20,24
3,22
2,26
6,3
6,11
4,9
12,18
2,5
2,13
2,1
2,56
122,90
432,219
8,26
16,7
10,3
2,11
48,15
2,9
204,134
4,9
4,32
8,41
14,13
14,7
200,119
2,9
2,38
194,126
16,24
24,39
4,9
6,45
16,22
4,33
2,58
7,13
20,7
2,9
5,24
2,39
5,13
330,191
264,130
48,44
16,13
80,44
36,15
8,19
498,239
2,43
258,142
38,37
4,19
346,198
12,3
2,5
14,24
42,37
8,1
10,16
4,17
3,5
20,39
104,73
2,18
304,179
2,3
60,46
160,103
2,22
2,51
4,18
20,41
60,43
2,13
4,41
380,209
72,13
13,5
64,91
220,114
484,242
2,30
8,5
2,3
102,68
30,46
2,38
346,198
2,45
4,7
466,227
70,41
4,5
140,103
2,15
26,48
2,3
88,57
2,17
20,44
20,1
11,13
104,90
6,13
2,7
11,26
2,7
4,5
4,7
2,7
5,18
257,164
6,5
2,28
220,143
204,134
3,18
128,100
2,3
29,13
2,41
2,47
3,18
20,15
180,136
20,1
20,16
4,3
204,148
2,72
20,18
4,7
6,26
32,9
8,32
2,20
150,98
228,139
436,215
166,106
2,9
2,28
2,22
10,17
4,7
19,30
8,43
4,34
2,5
2,19
204,126
46,35
111,85
9,9
34,13
188,100
2,9
2,45
4,9
14,38
20,26
20,17
2,22
20,1
4,9
3,11
3,13
4,1
49,69
2,7
2,49
3,26
26,39
2,13
8,22
2,36
10,18
62,5
35,41
6,30
16,5
2,3
2,37
2,5
8,54
179,151
9,1
2,7
3,9
408,227
23,11
2,26
3,11
2,41
34,48
20,5
20,9
2,9
5,32
2,9
2,3
160,96
24,20
20,3
2,3
2,26
2,28
2,3
4,5
20,22
6,15
12,18
6,13
20,1
4,28
20,5
8,1
112,88
2,13
4,51
3,36
9,16
6,22
13,20
20,3
257,164
20,5
2,38
2,22
20,5
20,41
4,11
4,7
6,39
2,30
28,7
22,26
4,33
4,7
76,64
6,52
34,9
33,44
2,28
6,9
116,95
2,34
2,7
2,13
2,15
20,7
140,109
6,7
2,19
66,57
18,37
6,3
20,3
6,28
10,15
2,24
72,64
2,13
2,34
4,15
11,9
8,18
4,3
2,32
148,91
20,13
20,11
48,26
2,13
112,71
2,15
2,5
132,137
118,96
7,22
10,3
8,3
6,3
16,50
6,45
20,15
80,46
22,9
394,196
4,13
2,9
162,131
45,20
26,32
2,3
4,3
5,15
262,154
15,1
4,24
10,20
110,81
2,34
26,7
4,9
4,1
85,52
4,47
224,155
2,17
10,3
2,26
124,73
98,68
70,88
4,5
2,9
20,32
2,24
2,24
20,48
188,109
10,1
26,30
20,16
20,24
216,145
436,228
2,17
16,13
3,5
20,46
24,39
20,24
6,35
8,5
2,15
4,17
2,9
6,28
106,81
20,1
3,34
6,28
2,45
6,11
14,5
14,9
4,43
2,44
6,22
2,9
110,76
2,13
6,33
337,187
20,24
2,17
398,207
20,16
126,103
2,13
12,18
4,24
20,1
8,9
3,16
32,37
4,24
2,9
190,111
482,227
20,52
2,5
334,187
2,63
4,3
2,3
2,3
20,19
20,1
4,17
2,16
4,9
20,37
2,11
2,3
146,104
2,47
166,111
18,30
4,9
12,9
348,179
4,53
2,19
20,1
8,18
20,18
284,152
2,28
106,68
2,7
4,22
2,17
90,74
17,22
100,78
38,3
6,5
86,50
3,24
3,17
14,11
400,217
376,201
112,62
24,22
9,22
187,106
2,1
3,34
2,11
20,22
93,32
2,3
2,19
106,91
2,1
130,90
12,20
8,24
20,24
4,5
4,15
14,18
22,1
4,24
4,26
8,11
144,111
12,11
3,9
6,13
4,11
68,41
60,20
8,22
4,11
6,11
2,52
2,1
64,44
2,3
10,9
24,32
4,13
362,201
3,43
20,18
2,32
100,71
422,217
4,1
4,16
103,83
9,1
8,1
68,30
30,24
2,22
8,3
6,47
2,11
2,5
2,18
4,15
6,1
5,35
8,9
314,190
2,3
20,9
4,43
2,5
6,3
2,18
2,16
2,22
44,18
12,33
272,162
62,39
16,33
16,15
4,38
2,20
100,62
4,7
20,38
2,9
166,114
20,24
8,32
448,241
2,19
2,24
2,5
3,36
3,7
2,15
4,24
2,1
2,1
2,16
2,43
2,26
2,7
2,13
2,26
8,43
3,26
6,15
16,24
40,22
166,114
20,33
8,28
2,22
2,5
186,114
12,1
4,17
2,30
2,1
124,128
4,20
10,13
42,26
6,22
26,43
22,33
6,22
154,117
44,24
2,7
2,11
232,130
4,43
76,66
74,61
4,9
24,43
4,15
2,11
19,5
4,28
8,36
8,16
218,143
28,18
18,52
24,24
20,52
4,7
2,11
48,55
194,154
2,30
7,5
20,35
4,30
10,16
163,116
6,22
4,15
20,26
60,44
20,20
2,47
2,1
96,66
20,5
2,13
5,15
2,11
431,218
22,18
20,32
2,13
2,1
2,5
236,137
20,7
2,5
277,172
20,13
10,7
6,47
22,15
4,24
4,24
6,9
36,44
2,30
2,24
4,43
20,28
20,48
184,130
12,5
150,128
2,19
2,20
11,3
118,86
6,28
2,18
2,13
2,15
4,28
6,16
2,9
20,37
3,9
174,100
2,24
10,11
20,1
4,36
4,22
4,24
56,32
3,13
12,30
2,5
14,59
2,19
4,16
52,46
420,222
3,41
2,26
2,28
2,3
3,5
2,7
2,38
6,49
20,22
2,41
20,52
44,35
2,24
6,41
32,41
337,190
58,74
4,24
20,43
6,16
2,19
10,34
242,161
3,41
8,20
2,13
2,5
4,5
2,5
20,41
5,1
2,13
196,126
4,18
4,48
8,47
336,196
4,11
4,32
98,88
8,13
2,5
2,13
4,19
2,9
4,15
2,41
20,3
2,28
2,9
2,15
2,1
10,30
2,51
2,32
6,11
2,16
20,24
102,74
6,24
2,20
116,111
112,86
8,18
8,1
2,24
2,13
10,37
55,46
188,128
2,56
3,9
2,13
10,22
8,3
3,11
2,13
2,36
2,22
2,32
10,33
4,1
8,7
6,32
20,1
2,9
20,16
192,122
2,22
2,13
239,175
3,26
4,11
2,1
8,1
2,9
2,7
10,32
20,22
2,9
8,3
6,15
8,5
6,1
48,26
6,28
2,5
20,15
66,111
8,41
3,1
44,61
2,13
54,46
110,85
2,1
2,22
2,19
14,9
4,26
160,117
6,5
122,64
20,7
2,9
2,9
21,30
2,32
252,159
178,128
410,219
2,19
2,24
54,59
2,44
20,24
4,3
33,30
8,9
2,15
417,232
20,35
160,126
2,9
20,24
9,13
6,22
124,81
2,20
16,28
2,19
28,57
8,13
378,210
94,74
4,45
2,30
4,9
4,3
28,41
54,86
20,48
2,26
2,16
234,142
4,41
38,28
50,53
166,104
42,59
2,5
12,3
2,17
138,112
2,18
4,43
102,81
2,28
486,245
136,122
28,22
2,15
17,3
20,41
2,24
2,16
60,26
20,32
4,5
2,41
74,73
2,17
20,30
2,32
4,15
4,15
2,13
2,76
8,1
12,35
2,28
2,15
156,116
52,46
2,17
2,3
371,189
20,26
22,35
17,53
6,20
4,13
192,140
3,47
9,9
4,5
312,169
2,7
10,34
2,36
2,13
2,58
130,116
2,26
2,22
6,20
144,109
20,41
4,22
3,17
20,68
4,3
20,5
2,5
64,22
4,11
2,20
14,46
452,228
20,7
4,5
2,24
2,18
40,5
15,13
232,143
4,13
20,1
2,34
2,13
129,73
468,231
2,11
2,15
20,1
4,3
110,106
4,79
4,11
442,231
354,209
9,1
74,80
10,30
2,11
4,5
2,3
20,28
12,7
2,13
14,37
20,15
312,181
2,15
12,16
10,79
8,1
188,140
10,11
6,3
20,28
4,17
20,11
28,50
10,26
4,26
2,11
12,13
2,3
4,72
412,231
2,47
5,35
2,3
8,15
8,18
4,45
38,1
20,51
20,3
2,1
2,9
4,11
2,5
2,32
100,46
2,36
120,80
260,126
20,28
2,1
20,37
326,168
20,5
2,16
10,7
2,59
8,9
6,17
12,5
20,20
2,3
6,24
16,13
2,9
20,33
206,134
16,18
4,16
170,123
6,53
2,16
4,9
6,11
2,7
40,39
2,43
4,11
10,3
132,98
2,16
2,19
36,15
290,185
32,44
10,5
4,22
12,15
40,24
100,73
480,236
134,80
2,5
2,9
2,47
2,11
3,22
4,1
164,155
20,3
4,26
20,24
16,18
320,198
6,3
2,26
40,32
2,47
2,18
2,11
2,3
7,30
4,3
20,32
8,19
4,3
12,13
485,242
272,166
14,22
92,52
20,1
260,146
4,7
2,1
8,26
112,61
46,30
2,11
2,15
2,33
2,30
2,24
2,1
3,1
8,39
2,1
28,32
3,3
2,16
148,103
2,11
2,3
2,5
6,19
4,7
6,35
416,215
8,32
220,145
8,19
332,185
2,34
6,24
2,9
2,13
4,32
2,16
20,5
4,47
28,9
8,13
20,13
161,90
2,22
414,226
9,35
8,17
110,95
4,22
2,43
2,24
6,37
2,11
2,7
4,32
9,9
270,158
3,3
364,179
4,22
8,1
60,59
2,22
2,1
2,22
2,22
4,13
2,15
10,3
2,26
10,7
8,26
22,35
2,34
20,43
29,52
2,19
2,7
2,3
20,13
20,39
178,126
8,7
3,26
22,5
216,128
28,61
4,13
16,3
6,11
2,5
2,11
9,7
2,15
50,17
2,7
2,1
2,30
2,3
34,24
4,5
20,28
2,17
2,41
4,57
2,28
144,103
116,95
2,3
2,5
6,13
22,5
8,59
2,3
2,5
66,66
436,222
160,112
2,15
4,37
16,1
2,11
6,5
3,5
2,16
2,5
4,22
2,26
32,48
20,41
20,32
20,19
2,11
148,122
8,22
4,17
20,1
4,11
2,22
2,1
146,128
4,22
2,5
14,24
6,34
3,3
2,20
4,9
6,30
4,18
10,1
2,26
6,43
16,15
24,16
64,33
2,16
8,28
2,11
2,15
6,5
88,57
6,9
6,5
2,1
84,61
2,3
4,22
4,16
2,28
146,98
6,9
4,20
2,35
268,136
2,3
2,7
12,1
8,22
4,1
18,5
120,80
20,39
2,15
148,109
2,13
4,54
12,9
72,68
20,18
4,3
2,39
8,1
2,1
10,11
8,26
4,19
258,158
2,17
12,11
2,18
208,134
20,24
2,15
58,86
2,1
170,109
2,24
2,32
2,11
2,45
2,32
20,13
2,7
2,7
2,1
2,15
2,11
20,37
56,48
4,13
12,26
2,43
88,74
12,11
8,13
20,30
20,35
28,3
8,20
92,78
6,24
20,16
2,22
222,143
4,3
2,9
4,24
6,43
494,239
6,7
368,217
2,24
4,57
4,3
14,7
148,104
206,123
20,28
2,30
4,26
90,71
2,16
4,43
2,9
2,49
20,5
8,24
116,101
4,24
4,3
2,9
2,7
24,5
4,47
2,32
132,81
20,20
4,15
4,15
160,108
58,46
220,134
4,24
120,69
2,13
2,9
48,50
8,46
20,22
4,7
2,11
2,11
3,3
128,98
16,7
20,13
2,26
20,39
136,117
2,5
3,3
4,5
4,16
2,30
2,7
3,36
2,13
436,218
2,18
12,1
4,30
2,13
48,46
2,43
136,98
2,52
20,9
116,98
4,11
386,220
394,220
2,22
8,17
66,41
4,15
234,146
2,54
2,17
20,30
2,20
3,3
122,101
2,45
2,32
20,22
6,22
146,114
20,59
2,3
8,48
315,197
6,22
134,95
20,13
16,15
2,9
2,32
4,15
2,13
4,1
20,32
20,18
12,17
38,13
2,34
46,37
12,15
2,7
25,33
20,3
12,7
38,18
92,62
8,9
324,189
2,18
4,54
4,15
2,43
42,44
242,134
2,26
102,59
16,11
12,7
2,16
2,34
384,182
64,20
2,3
2,13
10,26
6,1
2,3
5,9
2,20
4,7
4,20
8,41
4,24
9,5
220,139
12,28
6,15
2,20
4,11
32,37
2,26
8,18
3,3
2,26
12,15
12,30
4,22
8,43
104,93
40,41
2,11
20,59
74,59
2,3
2,3
320,187
18,5
148,134
4,22
282,174
24,17
2,7
460,223
8,1
34,37
66,50
8,64
2,24
36,28
2,7
8,13
10,19
2,15
2,22
20,15
10,13
10,39
2,18
16,7
4,22
20,9
12,19
2,15
110,95
34,22
6,7
214,151
20,15
2,24
4,24
2,11
2,19
2,9
4,24
458,249
4,15
4,34
2,32
6,46
2,30
2,32
8,45
2,1
81,61
2,36
2,38
20,9
4,15
272,159
24,30
2,5
2,5
20,39
4,3
3,15
2,13
2,30
4,18
44,59
152,114
8,9
4,20
250,148
2,32
46,33
6,41
24,33
2,38
32,28
30,44
306,182
20,3
2,9
2,13
20,3
4,32
2,28
2,43
2,9
4,19
96,64
4,30
42,7
6,11
14,11
2,26
6,11
12,5
2,3
4,37
2,9
18,1
14,26
26,33
128,83
2,1
2,7
172,125
96,74
26,7
116,59
2,32
14,26
2,28
8,24
132,109
4,24
20,5
128,108
2,28
8,7
2,1
2,36
4,3
32,17
2,3
20,9
2,32
62,24
3,38
3,24
10,33
2,5
20,26
2,47
6,24
4,3
2,9
104,103
26,1
4,32
4,1
36,5
2,11
2,24
9,26
2,47
6,19
4,28
2,5
20,44
2,5
4,18
2,9
8,11
4,7
24,43
10,20
10,9
50,43
4,5
2,45
2,9
110,81
2,54
28,32
106,73
2,18
362,226
414,220
2,20
2,3
2,67
2,13
62,62
20,3
20,26
130,114
4,1
2,50
2,30
2,26
10,16
10,20
4,1
2,28
152,98
2,5
2,18
2,7
44,41
2,3
6,26
2,5
252,145
2,34
2,1
18,5
242,137
2,9
2,1
2,9
4,22
20,24
2,35
3,15
2,3
20,37
20,1
20,11
32,37
4,47
2,36
4,5
6,52
128,78
6,36
2,11
13,1
2,9
8,11
2,13
2,9
4,13
2,26
156,98
2,17
20,33
4,43
20,30
2,22
20,13
2,15
20,3
20,30
16,3
4,22
144,114
298,182
260,151
24,46
2,11
2,15
8,24
8,45
8,32
20,15
32,9
326,193
20,32
114,100
4,15
20,32
2,5
386,200
8,37
6,26
52,33
8,22
2,1
10,13
4,43
6,19
3,7
4,5
14,33
2,36
2,5
4,35
20,5
20,3
4,18
2,76
20,32
106,80
8,1
2,33
2,17
2,9
20,5
4,16
40,37
4,18
20,24
2,7
2,34
4,20
2,3
2,13
2,5
2,11
160,86
136,85
16,22
2,30
2,33
4,32
2,5
2,43
172,131
2,16
2,45
20,52
320,186
4,1
72,66
2,1
2,24
4,9
4,7
10,18
4,3
14,20
14,45
4,44
128,74
20,5
20,13
48,52
6,9
2,18
4,43
112,69
2,34
152,98
10,9
134,119
2,1
4,1
4,26
6,54
366,205
134,57
2,7
10,3
10,9
2,7
56,50
2,19
2,69
6,5
112,96
78,44
116,98
2,19
110,76
28,9
20,5
132,62
2,45
20,9
2,41
8,7
10,18
2,11
36,78
2,11
78,86
2,3
2,11
2,24
4,34
4,9
21,18
2,22
2,58
4,15
474,243
86,59
8,9
142,111
4,22
84,35
22,1
2,15
12,5
20,7
18,28
4,19
2,24
4,5
2,15
2,22
2,9
2,41
66,30
4,13
2,45
20,5
8,3
12,28
4,7
2,9
4,1
56,50
2,54
20,7
4,20
168,119
20,7
2,15
6,28
2,34
20,35
2,13
10,22
20,13
14,11
2,15
2,22
4,3
194,137
20,15
388,215
2,49
4,13
2,37
44,35
20,11
20,35
2,3
6,9
2,7
2,24
2,36
86,62
218,117
8,20
10,22
140,119
2,32
2,16
8,7
2,32
4,3
106,53
2,24
4,32
118,88
20,15
18,11
480,241
192,137
22,15
2,19
162,126
112,100
52,57
278,154
2,3
32,35
2,1
20,13
58,41
4,22
2,1
2,49
332,207
140,108
2,15
2,7
2,3
20,15
107,85
20,13
2,13
2,28
16,26
30,44
2,18
6,37
2,3
14,38
304,183
2,18
362,197
2,3
6,3
440,231
10,7
10,3
10,30
6,9
152,112
238,131
2,24
4,22
2,5
2,3
2,9
18,22
70,44
2,17
6,24
312,169
424,222
42,50
3,38
4,24
2,7
6,16
8,5
10,13
2,20
126,91
4,41
296,168
42,20
259,168
62,46
2,38
2,3
2,60
162,109
12,19
144,103
20,32
24,9
244,164
42,59
2,18
24,26
62,37
15,15
4,26
2,19
16,7
2,46
24,1
8,9
6,24
21,5
24,39
14,1
220,151
20,22
20,35
2,16
8,11
12,16
36,26
2,30
2,32
4,20
2,11
36,22
2,13
198,148
6,9
2,5
20,9
50,24
2,34
4,9
3,16
4,9
400,217
276,169
20,16
10,26
3,72
2,38
20,1
2,13
184,134
2,24
24,32
2,36
284,165
58,20
2,38
2,3
170,123
20,7
20,16
108,80
20,15
20,5
10,32
114,68
2,28
2,26
2,7
348,201
2,22
2,7
126,106
4,9
8,5
50,15
4,5
2,1
4,30
128,93
2,22
2,7
2,39
2,9
2,32
22,22
6,49
2,3
10,9
2,51
2,16
8,30
48,11
72,52
2,3
2,5
20,16
2,5
20,20
4,11
2,9
12,5
6,15
2,3
26,7
20,22
8,33
4,5
2,30
8,30
4,5
24,38
94,80
14,3
2,34
12,24
2,3
20,13
2,34
2,28
2,9
352,197
4,15
2,15
20,13
4,13
2,22
142,112
2,5
2,28
2,18
8,3
4,11
4,1
14,24
4,33
6,32
160,109
2,28
2,63
20,18
2,3
264,154
4,13
182,117
20,52
2,3
2,1
2,20
10,1
324,198
20,1
232,137
220,131
30,17
272,171
8,3
20,17
2,1
3,1
2,54
10,11
2,36
6,47
8,20
36,32
118,104
2,49
2,17
2,19
12,7
2,16
132,103
2,34
162,103
172,134
56,24
3,1
4,28
2,9
20,41
20,13
2,36
4,17
2,17
276,172
2,5
4,24
6,9
22,3
2,5
4,16
148,108
2,24
8,13
2,11
48,32
26,57
20,5
2,1
4,7
398,204
42,55
2,5
116,98
4,13
8,1
58,83
2,1
4,3
2,24
8,5
52,41
2,41
150,130
150,119
20,11
8,30
48,24
20,3
4,17
6,16
122,95
48,41
2,7
112,114
52,44
23,11
2,11
4,1
2,5
2,34
4,15
4,7
164,112
4,3
2,9
4,11
26,30
2,11
46,35
4,15
4,26
2,1
20,20
2,28
4,11
8,11
2,19
4,20
2,11
20,30
4,24
20,11
4,7
3,39
2,13
2,5
44,39
8,3
2,16
20,5
2,41
2,24
24,11
8,18
2,7
4,34
10,1
4,13
244,158
8,5
76,50
8,53
6,17
20,39
2,41
2,11
8,9
2,28
2,18
174,101
2,30
10,36
2,15
2,24
224,140
8,30
2,33
2,22
20,5
2,7
6,7
2,5
2,11
12,64
8,32
20,28
6,26
20,9
18,37
2,17
4,15
4,15
2,43
6,7
8,5
6,33
2,30
400,219
2,9
44,57
306,166
4,11
118,73
6,3
2,22
4,3
10,15
16,13
2,18
106,88
20,3
4,5
10,9
2,7
20,37
32,1
128,104
20,32
2,19
18,26
374,218
354,190
8,16
2,16
2,35
2,11
2,63
2,43
128,111
24,13
2,3
2,38
